insert into autor (id, nombre, pais_origen) values (1, 'Melisa Trewman', 'Philippines');
insert into autor (id, nombre, pais_origen) values (2, 'Kimberli Meritt', 'Honduras');
insert into autor (id, nombre, pais_origen) values (3, 'Marthena Galero', 'Russia');
insert into autor (id, nombre, pais_origen) values (4, 'Orlan Fance', 'United States');
insert into autor (id, nombre, pais_origen) values (5, 'Averell Laetham', 'Russia');
insert into autor (id, nombre, pais_origen) values (6, 'Travers MacGahy', 'Japan');
insert into autor (id, nombre, pais_origen) values (7, 'Rodolphe Dressel', 'Japan');
insert into autor (id, nombre, pais_origen) values (8, 'Verene Paulsson', 'Venezuela');
insert into autor (id, nombre, pais_origen) values (9, 'Susy Malcolm', 'Slovenia');
insert into autor (id, nombre, pais_origen) values (10, 'Coleen Daubeny', 'Brazil');
insert into autor (id, nombre, pais_origen) values (11, 'Marena Seawright', 'Philippines');
insert into autor (id, nombre, pais_origen) values (12, 'Blaine Oldridge', 'North Korea');
insert into autor (id, nombre, pais_origen) values (13, 'Alison Impey', 'Indonesia');
insert into autor (id, nombre, pais_origen) values (14, 'Claiborn Woolen', 'Indonesia');
insert into autor (id, nombre, pais_origen) values (15, 'Damaris Canton', 'Mexico');
insert into autor (id, nombre, pais_origen) values (16, 'Ripley Girodin', 'Indonesia');
insert into autor (id, nombre, pais_origen) values (17, 'Dot Bondesen', 'Philippines');
insert into autor (id, nombre, pais_origen) values (18, 'Joellen Basire', 'China');
insert into autor (id, nombre, pais_origen) values (19, 'Cristabel Whitehead', 'Palestinian Territory');
insert into autor (id, nombre, pais_origen) values (20, 'Georgette Oughtright', 'Indonesia');

insert into editorial (id, nombre, pais) values (1, 'Dulcinea Cotterel', 'Yemen');
insert into editorial (id, nombre, pais) values (2, 'Mack Borrie', 'Poland');
insert into editorial (id, nombre, pais) values (3, 'Thorndike Sloegrave', 'United States');
insert into editorial (id, nombre, pais) values (4, 'Isahella Beurich', 'Czech Republic');
insert into editorial (id, nombre, pais) values (5, 'Binny Matthewson', 'Canada');
insert into editorial (id, nombre, pais) values (6, 'Leoine Brugh', 'Burkina Faso');
insert into editorial (id, nombre, pais) values (7, 'Nonnah Bellanger', 'Indonesia');
insert into editorial (id, nombre, pais) values (8, 'Coral Tuhy', 'Indonesia');
insert into editorial (id, nombre, pais) values (9, 'Auroora Ottery', 'China');
insert into editorial (id, nombre, pais) values (10, 'Iver Rove', 'Kazakhstan');
insert into editorial (id, nombre, pais) values (11, 'Findley Cowser', 'Indonesia');
insert into editorial (id, nombre, pais) values (12, 'Merci Farnorth', 'Argentina');
insert into editorial (id, nombre, pais) values (13, 'Cymbre Carreck', 'Indonesia');
insert into editorial (id, nombre, pais) values (14, 'Hinda Blampey', 'Zambia');
insert into editorial (id, nombre, pais) values (15, 'Alister Conningham', 'Panama');
insert into editorial (id, nombre, pais) values (16, 'Tarrance Crowther', 'Zambia');
insert into editorial (id, nombre, pais) values (17, 'Thomasine Sahlstrom', 'Philippines');
insert into editorial (id, nombre, pais) values (18, 'Edin Leslie', 'China');
insert into editorial (id, nombre, pais) values (19, 'Letizia Beauly', 'Peru');
insert into editorial (id, nombre, pais) values (20, 'Norean Cater', 'Norway');

insert into categoria (id, nombre, descripcion) values (1, 'Drama', 'Suspendisse potenti. In eleifend quam a odio. In hac habitasse platea dictumst.

Maecenas ut massa quis augue luctus tincidunt. Nulla mollis molestie lorem. Quisque ut erat.');
insert into categoria (id, nombre, descripcion) values (2, 'Drama', 'Duis bibendum, felis sed interdum venenatis, turpis enim blandit mi, in porttitor pede justo eu massa. Donec dapibus. Duis at velit eu est congue elementum.');
insert into categoria (id, nombre, descripcion) values (3, 'Comedy|Drama|Romance', 'Nullam sit amet turpis elementum ligula vehicula consequat. Morbi a ipsum. Integer a nibh.');
insert into categoria (id, nombre, descripcion) values (4, 'Crime|Drama|Thriller', 'Maecenas leo odio, condimentum id, luctus nec, molestie sed, justo. Pellentesque viverra pede ac diam. Cras pellentesque volutpat dui.

Maecenas tristique, est et tempus semper, est quam pharetra magna, ac consequat metus sapien ut nunc. Vestibulum ante ipsum primis in faucibus orci luctus et ultrices posuere cubilia Curae; Mauris viverra diam vitae quam. Suspendisse potenti.

Nullam porttitor lacus at turpis. Donec posuere metus vitae ipsum. Aliquam non mauris.');
insert into categoria (id, nombre, descripcion) values (5, 'Comedy', 'Aliquam quis turpis eget elit sodales scelerisque. Mauris sit amet eros. Suspendisse accumsan tortor quis turpis.

Sed ante. Vivamus tortor. Duis mattis egestas metus.');
insert into categoria (id, nombre, descripcion) values (6, 'Drama', 'In hac habitasse platea dictumst. Morbi vestibulum, velit id pretium iaculis, diam erat fermentum justo, nec condimentum neque sapien placerat ante. Nulla justo.');
insert into categoria (id, nombre, descripcion) values (7, '(no genres listed)', 'Aenean fermentum. Donec ut mauris eget massa tempor convallis. Nulla neque libero, convallis eget, eleifend luctus, ultricies eu, nibh.

Quisque id justo sit amet sapien dignissim vestibulum. Vestibulum ante ipsum primis in faucibus orci luctus et ultrices posuere cubilia Curae; Nulla dapibus dolor vel est. Donec odio justo, sollicitudin ut, suscipit a, feugiat et, eros.

Vestibulum ac est lacinia nisi venenatis tristique. Fusce congue, diam id ornare imperdiet, sapien urna pretium nisl, ut volutpat sapien arcu sed augue. Aliquam erat volutpat.');
insert into categoria (id, nombre, descripcion) values (8, 'Action|Thriller', 'Maecenas tristique, est et tempus semper, est quam pharetra magna, ac consequat metus sapien ut nunc. Vestibulum ante ipsum primis in faucibus orci luctus et ultrices posuere cubilia Curae; Mauris viverra diam vitae quam. Suspendisse potenti.');
insert into categoria (id, nombre, descripcion) values (9, 'Drama|Romance', 'Quisque id justo sit amet sapien dignissim vestibulum. Vestibulum ante ipsum primis in faucibus orci luctus et ultrices posuere cubilia Curae; Nulla dapibus dolor vel est. Donec odio justo, sollicitudin ut, suscipit a, feugiat et, eros.

Vestibulum ac est lacinia nisi venenatis tristique. Fusce congue, diam id ornare imperdiet, sapien urna pretium nisl, ut volutpat sapien arcu sed augue. Aliquam erat volutpat.');
insert into categoria (id, nombre, descripcion) values (10, 'Romance', 'Praesent blandit. Nam nulla. Integer pede justo, lacinia eget, tincidunt eget, tempus vel, pede.');
insert into categoria (id, nombre, descripcion) values (11, 'Action|Crime|Thriller', 'Duis bibendum, felis sed interdum venenatis, turpis enim blandit mi, in porttitor pede justo eu massa. Donec dapibus. Duis at velit eu est congue elementum.

In hac habitasse platea dictumst. Morbi vestibulum, velit id pretium iaculis, diam erat fermentum justo, nec condimentum neque sapien placerat ante. Nulla justo.');
insert into categoria (id, nombre, descripcion) values (12, 'Comedy', 'Aenean lectus. Pellentesque eget nunc. Donec quis orci eget orci vehicula condimentum.

Curabitur in libero ut massa volutpat convallis. Morbi odio odio, elementum eu, interdum eu, tincidunt in, leo. Maecenas pulvinar lobortis est.');
insert into categoria (id, nombre, descripcion) values (13, 'Comedy|Drama', 'In quis justo. Maecenas rhoncus aliquam lacus. Morbi quis tortor id nulla ultrices aliquet.

Maecenas leo odio, condimentum id, luctus nec, molestie sed, justo. Pellentesque viverra pede ac diam. Cras pellentesque volutpat dui.');
insert into categoria (id, nombre, descripcion) values (14, 'Comedy|Drama', 'Mauris enim leo, rhoncus sed, vestibulum sit amet, cursus id, turpis. Integer aliquet, massa id lobortis convallis, tortor risus dapibus augue, vel accumsan tellus nisi eu orci. Mauris lacinia sapien quis libero.

Nullam sit amet turpis elementum ligula vehicula consequat. Morbi a ipsum. Integer a nibh.');
insert into categoria (id, nombre, descripcion) values (15, 'Drama', 'Duis bibendum, felis sed interdum venenatis, turpis enim blandit mi, in porttitor pede justo eu massa. Donec dapibus. Duis at velit eu est congue elementum.');
insert into categoria (id, nombre, descripcion) values (16, '(no genres listed)', 'Pellentesque at nulla. Suspendisse potenti. Cras in purus eu magna vulputate luctus.

Cum sociis natoque penatibus et magnis dis parturient montes, nascetur ridiculus mus. Vivamus vestibulum sagittis sapien. Cum sociis natoque penatibus et magnis dis parturient montes, nascetur ridiculus mus.

Etiam vel augue. Vestibulum rutrum rutrum neque. Aenean auctor gravida sem.');
insert into categoria (id, nombre, descripcion) values (17, 'Comedy|Romance', 'Aliquam quis turpis eget elit sodales scelerisque. Mauris sit amet eros. Suspendisse accumsan tortor quis turpis.

Sed ante. Vivamus tortor. Duis mattis egestas metus.');
insert into categoria (id, nombre, descripcion) values (18, 'Comedy|Drama|Romance', 'Fusce posuere felis sed lacus. Morbi sem mauris, laoreet ut, rhoncus aliquet, pulvinar sed, nisl. Nunc rhoncus dui vel sem.

Sed sagittis. Nam congue, risus semper porta volutpat, quam pede lobortis ligula, sit amet eleifend pede libero quis orci. Nullam molestie nibh in lectus.');
insert into categoria (id, nombre, descripcion) values (19, 'Comedy|Drama|Romance', 'Duis consequat dui nec nisi volutpat eleifend. Donec ut dolor. Morbi vel lectus in quam fringilla rhoncus.

Mauris enim leo, rhoncus sed, vestibulum sit amet, cursus id, turpis. Integer aliquet, massa id lobortis convallis, tortor risus dapibus augue, vel accumsan tellus nisi eu orci. Mauris lacinia sapien quis libero.');
insert into categoria (id, nombre, descripcion) values (20, 'Documentary', 'Duis consequat dui nec nisi volutpat eleifend. Donec ut dolor. Morbi vel lectus in quam fringilla rhoncus.');

insert into cliente (cedula, correo, contraseña, estado_cuenta, nombre, telefono) values ('431-82-6649', 'gdixson0@ning.com', '+TvH>JeW#{1SSv/}', 'activo', 'Gratia Dixson', '373-182-8257');
insert into cliente (cedula, correo, contraseña, estado_cuenta, nombre, telefono) values ('311-49-1802', 'atefft1@cbc.ca', '0>}"JM6?9WoEZ,c', 'inactivo', 'Alyce Tefft', '451-518-2152');
insert into cliente (cedula, correo, contraseña, estado_cuenta, nombre, telefono) values ('403-47-0270', 'dmonk2@dailymotion.com', '%z_"I!)_(CvZ>g', 'activo', 'Devonne Monk', '726-172-5151');
insert into cliente (cedula, correo, contraseña, estado_cuenta, nombre, telefono) values ('762-36-9476', 'tblaschek3@nyu.edu', 'a2ocQ#iaUb', 'activo', 'Tabb Blaschek', '453-293-4769');
insert into cliente (cedula, correo, contraseña, estado_cuenta, nombre, telefono) values ('879-36-4815', 'tchevolleau4@sakura.ne.jp', 'hTI_),Tg"%=_@y', 'activo', 'Traver Chevolleau', '738-262-7434');
insert into cliente (cedula, correo, contraseña, estado_cuenta, nombre, telefono) values ('485-17-1191', 'jhaworth5@google.ca', 'm&LGIf8pUzW,V8E', 'inactivo', 'Josiah Haworth', '506-188-8625');
insert into cliente (cedula, correo, contraseña, estado_cuenta, nombre, telefono) values ('828-08-2369', 'jartus6@123-reg.co.uk', '?~.F@o?y=cSbhN''', 'activo', 'Jodi Artus', '668-187-1113');
insert into cliente (cedula, correo, contraseña, estado_cuenta, nombre, telefono) values ('295-85-4006', 'mshasnan7@bigcartel.com', 'pp_YT.<F', 'inactivo', 'Myrwyn Shasnan', '845-550-4576');
insert into cliente (cedula, correo, contraseña, estado_cuenta, nombre, telefono) values ('732-30-5289', 'lpomery8@cam.ac.uk', 'vN4~?_S\!''L{m+>', 'activo', 'Leanna Pomery', '138-412-1002');
insert into cliente (cedula, correo, contraseña, estado_cuenta, nombre, telefono) values ('449-96-6342', 'rgrishaev9@ed.gov', 'ean=7`Pw*Ki', 'inactivo', 'Rodolph Grishaev', '611-425-6927');

--

insert into multa (descripcion, precio, estado, cliente_cedula) values ('Curabitur gravida nisi at nibh. In hac habitasse platea dictumst. Aliquam augue quam, sollicitudin vitae, consectetuer eget, rutrum at, lorem.', 3600, true, '485-17-1191');
insert into multa (descripcion, precio, estado, cliente_cedula) values ('Aenean lectus. Pellentesque eget nunc. Donec quis orci eget orci vehicula condimentum.', 2600, false, '403-47-0270');
insert into multa (descripcion, precio, estado, cliente_cedula) values ('Curabitur in libero ut massa volutpat convallis. Morbi odio odio, elementum eu, interdum eu, tincidunt in, leo. Maecenas pulvinar lobortis est.', 1500, true, '879-36-4815');
insert into multa (descripcion, precio, estado, cliente_cedula) values ('Suspendisse potenti. In eleifend quam a odio. In hac habitasse platea dictumst.', 1700, false, '449-96-6342');
insert into multa (descripcion, precio, estado, cliente_cedula) values ('Curabitur at ipsum ac tellus semper interdum. Mauris ullamcorper purus sit amet nulla. Quisque arcu libero, rutrum ac, lobortis vel, dapibus at, diam.', 4800, true, '732-30-5289');

insert into libro (titulo, año_publicacion, disponibilidad, autor_id, categoria_id, editorial_id) values ('Autohystoria', '2007', 7, 19, 1, 18);
insert into libro (titulo, año_publicacion, disponibilidad, autor_id, categoria_id, editorial_id) values ('Heiter bis wolkig', '2016', 20, 4, 9, 18);
insert into libro (titulo, año_publicacion, disponibilidad, autor_id, categoria_id, editorial_id) values ('Manhattan', '2012', 1, 1, 4, 4);
insert into libro (titulo, año_publicacion, disponibilidad, autor_id, categoria_id, editorial_id) values ('Just My Luck', '2007', 37, 18, 12, 14);
insert into libro (titulo, año_publicacion, disponibilidad, autor_id, categoria_id, editorial_id) values ('Faces of Death 4', '2006', 49, 10, 7, 1);
insert into libro (titulo, año_publicacion, disponibilidad, autor_id, categoria_id, editorial_id) values ('Tango', '2020', 17, 16, 3, 20);
insert into libro (titulo, año_publicacion, disponibilidad, autor_id, categoria_id, editorial_id) values ('Family Tree, The', '2004', 45, 2, 12, 15);
insert into libro (titulo, año_publicacion, disponibilidad, autor_id, categoria_id, editorial_id) values ('Exiles (Exils)', '2014', 46, 9, 14, 10);
insert into libro (titulo, año_publicacion, disponibilidad, autor_id, categoria_id, editorial_id) values ('But Forever in My Mind', '2012', 33, 12, 19, 16);
insert into libro (titulo, año_publicacion, disponibilidad, autor_id, categoria_id, editorial_id) values ('Gentlemen Broncos', '2020', 3, 13, 11, 16);
insert into libro (titulo, año_publicacion, disponibilidad, autor_id, categoria_id, editorial_id) values ('Ultimate Warrior, The', '2012', 28, 1, 10, 11);
insert into libro (titulo, año_publicacion, disponibilidad, autor_id, categoria_id, editorial_id) values ('Preston Sturges: The Rise and Fall of an American Dreamer', '2010', 18, 5, 4, 12);
insert into libro (titulo, año_publicacion, disponibilidad, autor_id, categoria_id, editorial_id) values ('Diana', '2018', 42, 16, 4, 15);
insert into libro (titulo, año_publicacion, disponibilidad, autor_id, categoria_id, editorial_id) values ('Hamlet', '2020', 5, 14, 9, 17);
insert into libro (titulo, año_publicacion, disponibilidad, autor_id, categoria_id, editorial_id) values ('Iron Lady, The', '2015', 1, 8, 1, 9);
insert into libro (titulo, año_publicacion, disponibilidad, autor_id, categoria_id, editorial_id) values ('Project A 2 (''A'' gai wak juk jap)', '2012', 7, 16, 17, 2);
insert into libro (titulo, año_publicacion, disponibilidad, autor_id, categoria_id, editorial_id) values ('The Sex and Violence Family Hour', '2000', 36, 10, 17, 5);
insert into libro (titulo, año_publicacion, disponibilidad, autor_id, categoria_id, editorial_id) values ('Cleaner', '2011', 41, 20, 17, 17);
insert into libro (titulo, año_publicacion, disponibilidad, autor_id, categoria_id, editorial_id) values ('Awful Dr. Orlof, The (Gritos en la Noche)', '2013', 40, 9, 2, 4);
insert into libro (titulo, año_publicacion, disponibilidad, autor_id, categoria_id, editorial_id) values ('Bohemian Life, The (La vie de bohème)', '2014', 26, 7, 15, 18);
insert into libro (titulo, año_publicacion, disponibilidad, autor_id, categoria_id, editorial_id) values ('Pink Panther 2, The', '2006', 31, 2, 2, 11);
insert into libro (titulo, año_publicacion, disponibilidad, autor_id, categoria_id, editorial_id) values ('Embalmer, The (Imbalsamatore, L'')', '2013', 17, 17, 13, 20);
insert into libro (titulo, año_publicacion, disponibilidad, autor_id, categoria_id, editorial_id) values ('Body Parts', '2008', 23, 6, 3, 11);
insert into libro (titulo, año_publicacion, disponibilidad, autor_id, categoria_id, editorial_id) values ('Outland', '2015', 15, 14, 14, 3);
insert into libro (titulo, año_publicacion, disponibilidad, autor_id, categoria_id, editorial_id) values ('Mile... Mile & a Half', '2013', 13, 6, 2, 2);
insert into libro (titulo, año_publicacion, disponibilidad, autor_id, categoria_id, editorial_id) values ('Hovering Over the Water (À Flor do Mar)', '2015', 17, 13, 8, 19);
insert into libro (titulo, año_publicacion, disponibilidad, autor_id, categoria_id, editorial_id) values ('Bartleby', '2013', 16, 2, 13, 19);
insert into libro (titulo, año_publicacion, disponibilidad, autor_id, categoria_id, editorial_id) values ('Scorpion King, The', '2008', 48, 17, 6, 17);
insert into libro (titulo, año_publicacion, disponibilidad, autor_id, categoria_id, editorial_id) values ('Mystery (Fu cheng mi shi)', '2011', 16, 4, 17, 15);
insert into libro (titulo, año_publicacion, disponibilidad, autor_id, categoria_id, editorial_id) values ('Men Seeking Women', '2017', 49, 20, 15, 10);
insert into libro (titulo, año_publicacion, disponibilidad, autor_id, categoria_id, editorial_id) values ('Queen of Versailles, The', '2014', 25, 11, 17, 12);
insert into libro (titulo, año_publicacion, disponibilidad, autor_id, categoria_id, editorial_id) values ('Beneath the 12-Mile Reef', '2013', 17, 9, 3, 7);
insert into libro (titulo, año_publicacion, disponibilidad, autor_id, categoria_id, editorial_id) values ('Love Streams', '2007', 11, 3, 13, 10);
insert into libro (titulo, año_publicacion, disponibilidad, autor_id, categoria_id, editorial_id) values ('The Tomb', '2011', 5, 8, 11, 8);
insert into libro (titulo, año_publicacion, disponibilidad, autor_id, categoria_id, editorial_id) values ('Sister My Sister', '2011', 39, 13, 4, 6);
insert into libro (titulo, año_publicacion, disponibilidad, autor_id, categoria_id, editorial_id) values ('Satan''s Sword II (Daibosatsu toge: Ryujin no maki)', '2001', 26, 16, 16, 3);
insert into libro (titulo, año_publicacion, disponibilidad, autor_id, categoria_id, editorial_id) values ('Gabriela', '2017', 28, 16, 18, 3);
insert into libro (titulo, año_publicacion, disponibilidad, autor_id, categoria_id, editorial_id) values ('Disappearance of Eleanor Rigby: Them, The', '2016', 11, 1, 10, 10);
insert into libro (titulo, año_publicacion, disponibilidad, autor_id, categoria_id, editorial_id) values ('Hornets'' Nest', '2008', 35, 13, 5, 16);
insert into libro (titulo, año_publicacion, disponibilidad, autor_id, categoria_id, editorial_id) values ('Vera Cruz', '2020', 2, 2, 11, 13);
insert into libro (titulo, año_publicacion, disponibilidad, autor_id, categoria_id, editorial_id) values ('Juarez', '2019', 10, 10, 14, 13);
insert into libro (titulo, año_publicacion, disponibilidad, autor_id, categoria_id, editorial_id) values ('Edie & Pen', '2014', 18, 6, 13, 8);
insert into libro (titulo, año_publicacion, disponibilidad, autor_id, categoria_id, editorial_id) values ('Why Does Herr R. Run Amok? (Warum läuft Herr R. Amok?)', '2016', 12, 1, 18, 13);
insert into libro (titulo, año_publicacion, disponibilidad, autor_id, categoria_id, editorial_id) values ('Lovers and Lollipops', '2014', 7, 3, 9, 14);
insert into libro (titulo, año_publicacion, disponibilidad, autor_id, categoria_id, editorial_id) values ('Grifters, The', '2011', 31, 12, 3, 6);
insert into libro (titulo, año_publicacion, disponibilidad, autor_id, categoria_id, editorial_id) values ('Edie & Pen', '2018', 4, 12, 16, 15);
insert into libro (titulo, año_publicacion, disponibilidad, autor_id, categoria_id, editorial_id) values ('Welcome to the Rileys', '2010', 18, 3, 12, 18);
insert into libro (titulo, año_publicacion, disponibilidad, autor_id, categoria_id, editorial_id) values ('Conjuring, The', '2011', 37, 2, 5, 9);
insert into libro (titulo, año_publicacion, disponibilidad, autor_id, categoria_id, editorial_id) values ('Cat Run', '2020', 14, 13, 11, 14);
insert into libro (titulo, año_publicacion, disponibilidad, autor_id, categoria_id, editorial_id) values ('Breaking In', '2012', 34, 16, 3, 9);

insert into prestamo (cliente_cedula, fecha_inicio, fecha_fin, libro_id) values ('449-96-6342', '2023-11-23', '2023-11-25', 25);
insert into prestamo (cliente_cedula, fecha_inicio, fecha_fin, libro_id) values ('762-36-9476', '2023-08-15', '2023-11-07', 24);
insert into prestamo (cliente_cedula, fecha_inicio, fecha_fin, libro_id) values ('295-85-4006', '2023-11-04', '2024-05-01', 16);
insert into prestamo (cliente_cedula, fecha_inicio, fecha_fin, libro_id) values ('449-96-6342', '2024-03-20', '2023-07-05', 21);
insert into prestamo (cliente_cedula, fecha_inicio, fecha_fin, libro_id) values ('828-08-2369', '2023-08-02', '2024-01-10', 24);
insert into prestamo (cliente_cedula, fecha_inicio, fecha_fin, libro_id) values ('403-47-0270', '2023-10-03', '2023-08-14', 43);
insert into prestamo (cliente_cedula, fecha_inicio, fecha_fin, libro_id) values ('431-82-6649', '2023-08-12', '2024-04-02', 31);
insert into prestamo (cliente_cedula, fecha_inicio, fecha_fin, libro_id) values ('295-85-4006', '2023-07-13', '2023-07-25', 43);
insert into prestamo (cliente_cedula, fecha_inicio, fecha_fin, libro_id) values ('828-08-2369', '2024-03-27', '2023-11-19', 45);
insert into prestamo (cliente_cedula, fecha_inicio, fecha_fin, libro_id) values ('485-17-1191', '2023-07-20', '2023-11-13', 19);
insert into prestamo (cliente_cedula, fecha_inicio, fecha_fin, libro_id) values ('732-30-5289', '2023-10-11', '2023-07-30', 34);
insert into prestamo (cliente_cedula, fecha_inicio, fecha_fin, libro_id) values ('431-82-6649', '2023-05-19', '2024-01-26', 13);
insert into prestamo (cliente_cedula, fecha_inicio, fecha_fin, libro_id) values ('403-47-0270', '2023-07-13', '2023-06-06', 6);
insert into prestamo (cliente_cedula, fecha_inicio, fecha_fin, libro_id) values ('403-47-0270', '2023-10-10', '2023-11-29', 44);
insert into prestamo (cliente_cedula, fecha_inicio, fecha_fin, libro_id) values ('762-36-9476', '2023-06-25', '2024-05-01', 49);
insert into prestamo (cliente_cedula, fecha_inicio, fecha_fin, libro_id) values ('295-85-4006', '2024-01-02', '2024-03-08', 36);
insert into prestamo (cliente_cedula, fecha_inicio, fecha_fin, libro_id) values ('762-36-9476', '2024-03-19', '2023-07-05', 37);
insert into prestamo (cliente_cedula, fecha_inicio, fecha_fin, libro_id) values ('485-17-1191', '2024-02-27', '2023-12-07', 9);
insert into prestamo (cliente_cedula, fecha_inicio, fecha_fin, libro_id) values ('403-47-0270', '2024-04-28', '2024-04-21', 7);
insert into prestamo (cliente_cedula, fecha_inicio, fecha_fin, libro_id) values ('828-08-2369', '2023-07-04', '2023-09-02', 36);
insert into prestamo (cliente_cedula, fecha_inicio, fecha_fin, libro_id) values ('762-36-9476', '2024-03-11', '2023-12-28', 26);
insert into prestamo (cliente_cedula, fecha_inicio, fecha_fin, libro_id) values ('431-82-6649', '2023-10-25', '2023-12-31', 43);
insert into prestamo (cliente_cedula, fecha_inicio, fecha_fin, libro_id) values ('295-85-4006', '2023-11-17', '2023-07-18', 2);
insert into prestamo (cliente_cedula, fecha_inicio, fecha_fin, libro_id) values ('485-17-1191', '2023-07-18', '2023-08-01', 17);
insert into prestamo (cliente_cedula, fecha_inicio, fecha_fin, libro_id) values ('431-82-6649', '2023-12-14', '2024-01-08', 39);
insert into prestamo (cliente_cedula, fecha_inicio, fecha_fin, libro_id) values ('431-82-6649', '2023-07-09', '2024-04-26', 15);
insert into prestamo (cliente_cedula, fecha_inicio, fecha_fin, libro_id) values ('879-36-4815', '2023-09-02', '2023-11-19', 4);
insert into prestamo (cliente_cedula, fecha_inicio, fecha_fin, libro_id) values ('449-96-6342', '2024-04-22', '2024-04-25', 6);
insert into prestamo (cliente_cedula, fecha_inicio, fecha_fin, libro_id) values ('485-17-1191', '2024-02-24', '2023-10-17', 49);
insert into prestamo (cliente_cedula, fecha_inicio, fecha_fin, libro_id) values ('311-49-1802', '2024-04-01', '2023-10-22', 30);
insert into prestamo (cliente_cedula, fecha_inicio, fecha_fin, libro_id) values ('403-47-0270', '2023-05-22', '2024-04-07', 41);
insert into prestamo (cliente_cedula, fecha_inicio, fecha_fin, libro_id) values ('449-96-6342', '2023-06-20', '2023-06-04', 19);
insert into prestamo (cliente_cedula, fecha_inicio, fecha_fin, libro_id) values ('732-30-5289', '2023-05-13', '2023-07-05', 37);
insert into prestamo (cliente_cedula, fecha_inicio, fecha_fin, libro_id) values ('732-30-5289', '2023-12-25', '2023-08-27', 47);
insert into prestamo (cliente_cedula, fecha_inicio, fecha_fin, libro_id) values ('879-36-4815', '2024-03-20', '2023-06-26', 23);
insert into prestamo (cliente_cedula, fecha_inicio, fecha_fin, libro_id) values ('295-85-4006', '2023-05-22', '2023-11-09', 23);
insert into prestamo (cliente_cedula, fecha_inicio, fecha_fin, libro_id) values ('732-30-5289', '2023-06-29', '2024-02-01', 14);
insert into prestamo (cliente_cedula, fecha_inicio, fecha_fin, libro_id) values ('449-96-6342', '2023-07-12', '2023-08-01', 12);
insert into prestamo (cliente_cedula, fecha_inicio, fecha_fin, libro_id) values ('828-08-2369', '2023-07-29', '2023-07-12', 11);
insert into prestamo (cliente_cedula, fecha_inicio, fecha_fin, libro_id) values ('431-82-6649', '2024-03-29', '2023-06-20', 16);
insert into prestamo (cliente_cedula, fecha_inicio, fecha_fin, libro_id) values ('828-08-2369', '2023-12-19', '2023-08-08', 39);
insert into prestamo (cliente_cedula, fecha_inicio, fecha_fin, libro_id) values ('732-30-5289', '2024-04-28', '2023-08-20', 11);
insert into prestamo (cliente_cedula, fecha_inicio, fecha_fin, libro_id) values ('295-85-4006', '2023-10-09', '2024-04-07', 28);
insert into prestamo (cliente_cedula, fecha_inicio, fecha_fin, libro_id) values ('311-49-1802', '2023-06-20', '2023-09-11', 17);
insert into prestamo (cliente_cedula, fecha_inicio, fecha_fin, libro_id) values ('403-47-0270', '2024-01-01', '2023-12-19', 13);
insert into prestamo (cliente_cedula, fecha_inicio, fecha_fin, libro_id) values ('879-36-4815', '2023-06-23', '2024-01-04', 26);
insert into prestamo (cliente_cedula, fecha_inicio, fecha_fin, libro_id) values ('828-08-2369', '2024-03-31', '2023-12-05', 49);
insert into prestamo (cliente_cedula, fecha_inicio, fecha_fin, libro_id) values ('311-49-1802', '2023-12-13', '2023-07-17', 44);
insert into prestamo (cliente_cedula, fecha_inicio, fecha_fin, libro_id) values ('732-30-5289', '2023-11-25', '2023-10-18', 11);
insert into prestamo (cliente_cedula, fecha_inicio, fecha_fin, libro_id) values ('485-17-1191', '2024-03-01', '2023-08-21', 40);
insert into prestamo (cliente_cedula, fecha_inicio, fecha_fin, libro_id) values ('828-08-2369', '2023-06-06', '2024-03-28', 18);
insert into prestamo (cliente_cedula, fecha_inicio, fecha_fin, libro_id) values ('732-30-5289', '2024-02-11', '2024-02-09', 36);
insert into prestamo (cliente_cedula, fecha_inicio, fecha_fin, libro_id) values ('449-96-6342', '2023-12-18', '2024-01-11', 48);
insert into prestamo (cliente_cedula, fecha_inicio, fecha_fin, libro_id) values ('449-96-6342', '2024-02-15', '2024-04-27', 35);
insert into prestamo (cliente_cedula, fecha_inicio, fecha_fin, libro_id) values ('311-49-1802', '2024-02-20', '2023-06-18', 9);
insert into prestamo (cliente_cedula, fecha_inicio, fecha_fin, libro_id) values ('485-17-1191', '2023-07-15', '2024-02-03', 30);
insert into prestamo (cliente_cedula, fecha_inicio, fecha_fin, libro_id) values ('295-85-4006', '2023-05-18', '2024-01-16', 25);
insert into prestamo (cliente_cedula, fecha_inicio, fecha_fin, libro_id) values ('828-08-2369', '2023-10-24', '2023-08-04', 31);
insert into prestamo (cliente_cedula, fecha_inicio, fecha_fin, libro_id) values ('403-47-0270', '2023-07-19', '2024-02-11', 16);
insert into prestamo (cliente_cedula, fecha_inicio, fecha_fin, libro_id) values ('403-47-0270', '2024-02-22', '2024-05-06', 38);

insert into reseña (titulo, descripcion, libro_id, cliente_cedula) values ('American Bandits: Frank and Jesse James', 'Curabitur gravida nisi at nibh. In hac habitasse platea dictumst. Aliquam augue quam, sollicitudin vitae, consectetuer eget, rutrum at, lorem.', 22, '732-30-5289');
insert into reseña (titulo, descripcion, libro_id, cliente_cedula) values ('Without a Paddle: Nature''s Calling', 'Morbi porttitor lorem id ligula. Suspendisse ornare consequat lectus. In est risus, auctor sed, tristique in, tempus sit amet, sem.', 29, '449-96-6342');
insert into reseña (titulo, descripcion, libro_id, cliente_cedula) values ('Big Knife, The', 'Pellentesque at nulla. Suspendisse potenti. Cras in purus eu magna vulputate luctus.', 20, '431-82-6649');
insert into reseña (titulo, descripcion, libro_id, cliente_cedula) values ('Detective, The', 'Phasellus in felis. Donec semper sapien a libero. Nam dui.', 40, '828-08-2369');
insert into reseña (titulo, descripcion, libro_id, cliente_cedula) values ('Marcello Mastroianni: I Remember Yes, I Remember (Marcello Mastroianni: mi ricordo, sì, io mi ricordo)', 'Curabitur at ipsum ac tellus semper interdum. Mauris ullamcorper purus sit amet nulla. Quisque arcu libero, rutrum ac, lobortis vel, dapibus at, diam.', 16, '732-30-5289');
insert into reseña (titulo, descripcion, libro_id, cliente_cedula) values ('Hitcher, The', 'Cras mi pede, malesuada in, imperdiet et, commodo vulputate, justo. In blandit ultrices enim. Lorem ipsum dolor sit amet, consectetuer adipiscing elit.

Proin interdum mauris non ligula pellentesque ultrices. Phasellus id sapien in sapien iaculis congue. Vivamus metus arcu, adipiscing molestie, hendrerit at, vulputate vitae, nisl.', 37, '311-49-1802');
insert into reseña (titulo, descripcion, libro_id, cliente_cedula) values ('Pyaar Impossible', 'Duis aliquam convallis nunc. Proin at turpis a pede posuere nonummy. Integer non velit.', 27, '828-08-2369');
insert into reseña (titulo, descripcion, libro_id, cliente_cedula) values ('Turn the River', 'In hac habitasse platea dictumst. Morbi vestibulum, velit id pretium iaculis, diam erat fermentum justo, nec condimentum neque sapien placerat ante. Nulla justo.', 3, '732-30-5289');
insert into reseña (titulo, descripcion, libro_id, cliente_cedula) values ('House of Sand (Casa de Areia)', 'Curabitur in libero ut massa volutpat convallis. Morbi odio odio, elementum eu, interdum eu, tincidunt in, leo. Maecenas pulvinar lobortis est.', 36, '449-96-6342');
insert into reseña (titulo, descripcion, libro_id, cliente_cedula) values ('Lady and the Tramp', 'Maecenas ut massa quis augue luctus tincidunt. Nulla mollis molestie lorem. Quisque ut erat.', 16, '828-08-2369');
insert into reseña (titulo, descripcion, libro_id, cliente_cedula) values ('Beau Brummell: This Charming Man', 'Vestibulum ac est lacinia nisi venenatis tristique. Fusce congue, diam id ornare imperdiet, sapien urna pretium nisl, ut volutpat sapien arcu sed augue. Aliquam erat volutpat.', 41, '449-96-6342');
insert into reseña (titulo, descripcion, libro_id, cliente_cedula) values ('It Felt Like Love', 'In congue. Etiam justo. Etiam pretium iaculis justo.

In hac habitasse platea dictumst. Etiam faucibus cursus urna. Ut tellus.', 49, '311-49-1802');
insert into reseña (titulo, descripcion, libro_id, cliente_cedula) values ('Tin Pan Alley', 'Mauris enim leo, rhoncus sed, vestibulum sit amet, cursus id, turpis. Integer aliquet, massa id lobortis convallis, tortor risus dapibus augue, vel accumsan tellus nisi eu orci. Mauris lacinia sapien quis libero.', 27, '311-49-1802');
insert into reseña (titulo, descripcion, libro_id, cliente_cedula) values ('Peace, Propaganda & the Promised Land', 'Etiam vel augue. Vestibulum rutrum rutrum neque. Aenean auctor gravida sem.

Praesent id massa id nisl venenatis lacinia. Aenean sit amet justo. Morbi ut odio.', 11, '431-82-6649');
insert into reseña (titulo, descripcion, libro_id, cliente_cedula) values ('Billy the Kid vs. Dracula', 'In hac habitasse platea dictumst. Morbi vestibulum, velit id pretium iaculis, diam erat fermentum justo, nec condimentum neque sapien placerat ante. Nulla justo.

Aliquam quis turpis eget elit sodales scelerisque. Mauris sit amet eros. Suspendisse accumsan tortor quis turpis.', 21, '879-36-4815');
insert into reseña (titulo, descripcion, libro_id, cliente_cedula) values ('Fast Times at Ridgemont High', 'Duis consequat dui nec nisi volutpat eleifend. Donec ut dolor. Morbi vel lectus in quam fringilla rhoncus.

Mauris enim leo, rhoncus sed, vestibulum sit amet, cursus id, turpis. Integer aliquet, massa id lobortis convallis, tortor risus dapibus augue, vel accumsan tellus nisi eu orci. Mauris lacinia sapien quis libero.', 41, '828-08-2369');
insert into reseña (titulo, descripcion, libro_id, cliente_cedula) values ('Sebastian Maniscalco: What''s Wrong with People?', 'Phasellus sit amet erat. Nulla tempus. Vivamus in felis eu sapien cursus vestibulum.', 44, '732-30-5289');
insert into reseña (titulo, descripcion, libro_id, cliente_cedula) values ('Slave Girls (Prehistoric Women)', 'Pellentesque at nulla. Suspendisse potenti. Cras in purus eu magna vulputate luctus.', 5, '762-36-9476');
insert into reseña (titulo, descripcion, libro_id, cliente_cedula) values ('Eye for an Eye, An', 'Phasellus sit amet erat. Nulla tempus. Vivamus in felis eu sapien cursus vestibulum.

Proin eu mi. Nulla ac enim. In tempor, turpis nec euismod scelerisque, quam turpis adipiscing lorem, vitae mattis nibh ligula nec sem.', 50, '431-82-6649');
insert into reseña (titulo, descripcion, libro_id, cliente_cedula) values ('Resident Evil', 'In quis justo. Maecenas rhoncus aliquam lacus. Morbi quis tortor id nulla ultrices aliquet.', 22, '762-36-9476');
insert into reseña (titulo, descripcion, libro_id, cliente_cedula) values ('Grave of the Fireflies (Hotaru no haka)', 'Vestibulum ac est lacinia nisi venenatis tristique. Fusce congue, diam id ornare imperdiet, sapien urna pretium nisl, ut volutpat sapien arcu sed augue. Aliquam erat volutpat.', 12, null);
insert into reseña (titulo, descripcion, libro_id, cliente_cedula) values ('Hamlet Goes Business (Hamlet liikemaailmassa)', 'Maecenas ut massa quis augue luctus tincidunt. Nulla mollis molestie lorem. Quisque ut erat.

Curabitur gravida nisi at nibh. In hac habitasse platea dictumst. Aliquam augue quam, sollicitudin vitae, consectetuer eget, rutrum at, lorem.', 31, '431-82-6649');
insert into reseña (titulo, descripcion, libro_id, cliente_cedula) values ('Love Is the Devil', 'Aenean lectus. Pellentesque eget nunc. Donec quis orci eget orci vehicula condimentum.', 2, '879-36-4815');
insert into reseña (titulo, descripcion, libro_id, cliente_cedula) values ('Mr. Hobbs Takes a Vacation', 'Cras mi pede, malesuada in, imperdiet et, commodo vulputate, justo. In blandit ultrices enim. Lorem ipsum dolor sit amet, consectetuer adipiscing elit.', 7, '732-30-5289');
insert into reseña (titulo, descripcion, libro_id, cliente_cedula) values ('Mission to Moscow', 'Proin leo odio, porttitor id, consequat in, consequat ut, nulla. Sed accumsan felis. Ut at dolor quis odio consequat varius.

Integer ac leo. Pellentesque ultrices mattis odio. Donec vitae nisi.', 43, '879-36-4815');

-- insert into rol (id, rol, cliente_cedula) values (1, 1, '295-85-4006');
-- insert into rol (id, rol, cliente_cedula) values (2, 2, '311-49-1802');
-- insert into rol (id, rol, cliente_cedula) values (3, 1, '403-47-0270');
-- insert into rol (id, rol, cliente_cedula) values (4, 1, '431-82-6649');
-- insert into rol (id, rol, cliente_cedula) values (5, 2, '449-96-6342');
-- insert into rol (id, rol, cliente_cedula) values (6, 1, '485-17-1191');
-- insert into rol (id, rol, cliente_cedula) values (7, 1, '732-30-5289');
-- insert into rol (id, rol, cliente_cedula) values (8, 2, '762-36-9476');
-- insert into rol (id, rol, cliente_cedula) values (9, 2, '828-08-2369');
-- insert into rol (id, rol, cliente_cedula) values (10, 2, '879-36-4815');

insert into rol (rol, cliente_cedula) values (1, '295-85-4006');
insert into rol (rol, cliente_cedula) values (1, '311-49-1802');
insert into rol (rol, cliente_cedula) values (1, '403-47-0270');
insert into rol (rol, cliente_cedula) values (2, '431-82-6649');
insert into rol (rol, cliente_cedula) values (1, '449-96-6342');
insert into rol (rol, cliente_cedula) values (2, '485-17-1191');
insert into rol (rol, cliente_cedula) values (1, '732-30-5289');
insert into rol (rol, cliente_cedula) values (1, '762-36-9476');
insert into rol (rol, cliente_cedula) values (2, '828-08-2369');
insert into rol (rol, cliente_cedula) values (2, '879-36-4815');